Comment,Designator,Footprint,LCSC Part #
22u,C1,1206,C12891
100n,"C10,C11,C12",0805,C49678
10u,C2,0805,C15850
22n,C3,0805,C1729
220n,"C4,C8,C9",0805,C5378
680n,C5,0805,C107133
1.5n,"C6,C7",0603,C107039
1N4148W,"D1,D2",SOD-123,C81598
SS14,D3,SMA,C2480
10k,"R1,R2",0805,C17414
3k,R11,0805,C17661
3.3k,R14,0805,C26010
100k,R15,0805,C149504
1M,R3,0805,C17514
220k,R4,0805,C17556
680k,R5,0805,C17797
4.7k,R6,0805,C17673
1k,"R7,R16",0805,C17513
15k,"R8,R12,R13",0805,C17475
33k,"R9,R10",0805,C17633
JRC4558D,"U1,U2,U3",SOIC-8,C443686
