Designator,Mid X,Mid Y,Layer,Rotation
D3,85.0000mm,-62.5000mm,Bottom,0
C1,91.5000mm,-62.5000mm,Bottom,180
R1,100.5000mm,-90.0000mm,Bottom,180
R2,98.5000mm,-85.0000mm,Bottom,180
C2,98.5000mm,-87.5000mm,Bottom,180
C10,112.0000mm,-70.5000mm,Bottom,0
C11,94.0000mm,-70.0000mm,Bottom,180
C12,104.5000mm,-85.0000mm,Bottom,0
R3,116.0000mm,-101.0000mm,Bottom,180
C3,115.0000mm,-97.5000mm,Bottom,180
R4,113.5000mm,-86.0000mm,Bottom,0
C4,108.5000mm,-76.5000mm,Bottom,0
R5,114.0000mm,-83.5000mm,Bottom,0
R6,118.0000mm,-86.0000mm,Bottom,0
C5,118.0000mm,-83.5000mm,Bottom,180
R7,105.5000mm,-74.0000mm,Bottom,180
D1,99.0000mm,-70.0000mm,Bottom,180
D2,105.5000mm,-70.0000mm,Bottom,0
R8,96.0000mm,-79.0000mm,Bottom,180
R9,90.5000mm,-76.5000mm,Bottom,180
R10,96.0000mm,-81.5000mm,Bottom,0
R11,108.5000mm,-85.5000mm,Bottom,180
R12,90.5000mm,-90.0000mm,Bottom,0
C6,90.5000mm,-74.0000mm,Bottom,180
R13,103.5000mm,-87.5000mm,Bottom,0
C7,103.5000mm,-76.5000mm,Bottom,0
C8,94.5000mm,-86.0000mm,Bottom,180
R14,92.0000mm,-83.5000mm,Bottom,180
C9,85.5000mm,-84.0000mm,Bottom,180
R15,85.0000mm,-87.5000mm,Bottom,0
R16,81.0000mm,-94.0000mm,Bottom,180
U1,114.5000mm,-75.0000mm,Bottom,180
U2,96.5000mm,-74.5000mm,Bottom,180
U3,102.0000mm,-80.5000mm,Bottom,0
